{"states":["{\"STATE_ID\":\"retarder\",\"STATE_PRETTY_NAME\":\"Retarder\",\"kiP\":0,\"STATE_COLOR\":\"#4682d4\",\"kT\":-1,\"STATE_DEFAULT_VALUE\":\"0\"}","{\"STATE_ID\":\"wipers\",\"STATE_PRETTY_NAME\":\"Wipers\",\"kiP\":0,\"STATE_COLOR\":\"#4682d4\",\"kT\":-1,\"STATE_DEFAULT_VALUE\":\"0\"}","{\"STATE_ID\":\"destination\",\"STATE_PRETTY_NAME\":\"Destination\",\"kiP\":0,\"STATE_COLOR\":\"#4682d4\",\"kT\":0,\"STATE_DEFAULT_VALUE\":\"Free Roam\"}","{\"STATE_ID\":\"remainjobtime\",\"STATE_PRETTY_NAME\":\"RemainJobTime\",\"kiP\":0,\"STATE_COLOR\":\"#4682d4\",\"kT\":-1,\"STATE_DEFAULT_VALUE\":\"0\"}"]}